id,user_id,experiment_id,scenario_type,actor_id,dose_rate,dose_absortion,event_datetime
0,"FDI_AI","","S2_BasicEmergency","6","0.021877","0.012802","2025-2-20 13:43:51.938"
1,"FDI_AI","","S2_BasicEmergency","6","0.021877","0.012805","2025-2-20 13:43:52.343"
2,"FDI_AI","","S2_BasicEmergency","6","0.021877","0.012808","2025-2-20 13:43:52.857"
3,"FDI_AI","","S2_BasicEmergency","6","0.021877","0.012811","2025-2-20 13:43:53.419"
4,"FDI_AI","","S2_BasicEmergency","6","0.021877","0.012815","2025-2-20 13:43:53.996"
5,"FDI_AI","","S2_BasicEmergency","6","0.021897","0.012919","2025-2-20 13:44:11.141"
6,"FDI_AI","","S2_BasicEmergency","6","0.021897","0.012922","2025-2-20 13:44:11.572"
7,"FDI_AI","","S2_BasicEmergency","6","0.021897","0.012925","2025-2-20 13:44:12.97"
8,"FDI_AI","","S2_BasicEmergency","6","0.021897","0.012928","2025-2-20 13:44:12.594"
9,"FDI_AI","","S2_BasicEmergency","6","0.021897","0.012931","2025-2-20 13:44:13.117"
10,"FDI_AI","","S2_BasicEmergency","6","0.021897","0.012935","2025-2-20 13:44:13.631"
11,"FDI_AI","","S2_BasicEmergency","6","0.021897","0.012938","2025-2-20 13:44:14.145"
12,"FDI_AI","","S2_BasicEmergency","6","0.021897","0.012941","2025-2-20 13:44:14.647"
13,"FDI_AI","","S2_BasicEmergency","6","0.021897","0.012944","2025-2-20 13:44:15.171"
14,"FDI_AI","","S2_BasicEmergency","6","0.021897","0.012947","2025-2-20 13:44:15.671"
15,"FDI_AI","","S2_BasicEmergency","6","0.021897","0.01295","2025-2-20 13:44:16.200"
16,"FDI_AI","","S2_BasicEmergency","6","0.021897","0.012953","2025-2-20 13:44:16.732"
17,"FDI_AI","","S2_BasicEmergency","6","0.021897","0.012957","2025-2-20 13:44:17.264"
18,"FDI_AI","","S2_BasicEmergency","6","0.021897","0.01296","2025-2-20 13:44:17.763"
19,"FDI_AI","","S2_BasicEmergency","6","0.021897","0.012963","2025-2-20 13:44:18.286"
20,"FDI_AI","","S2_BasicEmergency","6","0.021897","0.012966","2025-2-20 13:44:18.793"
21,"FDI_AI","","S2_BasicEmergency","6","0.021897","0.012969","2025-2-20 13:44:19.290"
22,"FDI_AI","","S2_BasicEmergency","6","0.021897","0.012972","2025-2-20 13:44:19.791"
23,"FDI_AI","","S2_BasicEmergency","6","0.021897","0.012975","2025-2-20 13:44:20.309"
24,"FDI_AI","","S2_BasicEmergency","6","0.021897","0.012978","2025-2-20 13:44:20.841"
25,"FDI_AI","","S2_BasicEmergency","6","0.021897","0.012981","2025-2-20 13:44:21.353"
26,"FDI_AI","","S2_BasicEmergency","6","0.021897","0.012985","2025-2-20 13:44:21.881"
27,"FDI_AI","","S2_BasicEmergency","6","0.021897","0.012988","2025-2-20 13:44:22.421"
28,"FDI_AI","","S2_BasicEmergency","6","0.021897","0.012991","2025-2-20 13:44:22.948"
29,"FDI_AI","","S2_BasicEmergency","6","0.021897","0.012994","2025-2-20 13:44:23.460"
30,"FDI_AI","","S2_BasicEmergency","6","0.021897","0.012997","2025-2-20 13:44:23.997"
31,"FDI_AI","","S2_BasicEmergency","6","0.021897","0.013001","2025-2-20 13:44:24.525"
32,"FDI_AI","","S2_BasicEmergency","6","0.021897","0.013004","2025-2-20 13:44:25.45"
33,"FDI_AI","","S2_BasicEmergency","6","0.021897","0.013007","2025-2-20 13:44:25.577"
34,"FDI_AI","","S2_BasicEmergency","6","0.021897","0.01301","2025-2-20 13:44:26.104"
35,"FDI_AI","","S2_BasicEmergency","6","0.021897","0.013014","2025-2-20 13:44:26.648"
36,"FDI_AI","","S2_BasicEmergency","6","0.021897","0.013017","2025-2-20 13:44:27.169"
37,"FDI_AI","","S2_BasicEmergency","6","0.021897","0.01302","2025-2-20 13:44:27.682"
38,"FDI_AI","","S2_BasicEmergency","6","0.021897","0.013023","2025-2-20 13:44:28.221"
39,"FDI_AI","","S2_BasicEmergency","6","0.021897","0.013026","2025-2-20 13:44:28.748"
40,"FDI_AI","","S2_BasicEmergency","6","0.021897","0.01303","2025-2-20 13:44:29.284"
41,"FDI_AI","","S2_BasicEmergency","6","0.021897","0.013033","2025-2-20 13:44:29.849"
42,"FDI_AI","","S2_BasicEmergency","6","0.021897","0.013036","2025-2-20 13:44:30.364"
43,"FDI_AI","","S2_BasicEmergency","6","0.021897","0.013039","2025-2-20 13:44:30.866"
44,"FDI_AI","","S2_BasicEmergency","6","0.021897","0.013042","2025-2-20 13:44:31.410"
45,"FDI_AI","","S2_BasicEmergency","6","0.021897","0.013046","2025-2-20 13:44:31.924"
46,"FDI_AI","","S2_BasicEmergency","6","0.021897","0.013049","2025-2-20 13:44:32.432"
47,"FDI_AI","","S2_BasicEmergency","6","0.021897","0.013052","2025-2-20 13:44:32.963"
48,"FDI_AI","","S2_BasicEmergency","6","0.021897","0.013055","2025-2-20 13:44:33.479"
49,"FDI_AI","","S2_BasicEmergency","6","0.021897","0.013058","2025-2-20 13:44:33.989"
50,"FDI_AI","","S2_BasicEmergency","6","0.021897","0.013061","2025-2-20 13:44:34.527"
51,"FDI_AI","","S2_BasicEmergency","6","0.021897","0.013065","2025-2-20 13:44:35.66"
52,"FDI_AI","","S2_BasicEmergency","6","0.021897","0.013068","2025-2-20 13:44:35.594"
53,"FDI_AI","","S2_BasicEmergency","6","0.021897","0.013071","2025-2-20 13:44:36.110"
54,"FDI_AI","","S2_BasicEmergency","6","0.021897","0.013074","2025-2-20 13:44:36.642"
55,"FDI_AI","","S2_BasicEmergency","6","0.021897","0.013078","2025-2-20 13:44:37.175"
56,"FDI_AI","","S2_BasicEmergency","6","0.021897","0.013081","2025-2-20 13:44:37.850"
57,"FDI_AI","","S2_BasicEmergency","6","0.021897","0.013084","2025-2-20 13:44:38.230"
58,"FDI_AI","","S2_BasicEmergency","6","0.021897","0.013087","2025-2-20 13:44:38.881"
59,"FDI_AI","","S2_BasicEmergency","6","0.021897","0.01309","2025-2-20 13:44:39.302"
60,"FDI_AI","","S2_BasicEmergency","6","0.021897","0.013094","2025-2-20 13:44:39.859"
61,"FDI_AI","","S2_BasicEmergency","6","0.021897","0.013097","2025-2-20 13:44:40.367"
62,"FDI_AI","","S2_BasicEmergency","6","0.021897","0.0131","2025-2-20 13:44:40.887"
63,"FDI_AI","","S2_BasicEmergency","6","0.021897","0.013103","2025-2-20 13:44:41.447"
64,"FDI_AI","","S2_BasicEmergency","6","0.021897","0.013107","2025-2-20 13:44:42.9"
65,"FDI_AI","","S2_BasicEmergency","6","0.021897","0.01311","2025-2-20 13:44:42.450"
66,"FDI_AI","","S2_BasicEmergency","6","0.021897","0.013113","2025-2-20 13:44:43.26"
67,"FDI_AI","","S2_BasicEmergency","6","0.021897","0.013116","2025-2-20 13:44:43.578"
68,"FDI_AI","","S2_BasicEmergency","6","0.021897","0.01312","2025-2-20 13:44:44.124"
69,"FDI_AI","","S2_BasicEmergency","6","0.021897","0.013123","2025-2-20 13:44:44.642"
70,"FDI_AI","","S2_BasicEmergency","6","0.021897","0.013126","2025-2-20 13:44:45.138"
71,"FDI_AI","","S2_BasicEmergency","6","0.021897","0.013129","2025-2-20 13:44:45.643"
72,"FDI_AI","","S2_BasicEmergency","6","0.021897","0.013132","2025-2-20 13:44:46.208"
73,"FDI_AI","","S2_BasicEmergency","6","0.021897","0.013136","2025-2-20 13:44:46.736"
74,"FDI_AI","","S2_BasicEmergency","6","0.021897","0.013139","2025-2-20 13:44:47.273"
75,"FDI_AI","","S2_BasicEmergency","6","0.021897","0.013142","2025-2-20 13:44:47.759"
76,"FDI_AI","","S2_BasicEmergency","6","0.021897","0.013145","2025-2-20 13:44:48.276"
77,"FDI_AI","","S2_BasicEmergency","6","0.021897","0.013148","2025-2-20 13:44:48.799"
78,"FDI_AI","","S2_BasicEmergency","6","0.021897","0.013152","2025-2-20 13:44:49.327"
79,"FDI_AI","","S2_BasicEmergency","6","0.021897","0.013155","2025-2-20 13:44:49.829"
80,"FDI_AI","","S2_BasicEmergency","6","0.021897","0.013158","2025-2-20 13:44:50.355"
81,"FDI_AI","","S2_BasicEmergency","6","0.021897","0.013161","2025-2-20 13:44:50.876"
82,"FDI_AI","","S2_BasicEmergency","6","0.021897","0.013164","2025-2-20 13:44:51.411"
83,"FDI_AI","","S2_BasicEmergency","6","0.021897","0.013168","2025-2-20 13:44:51.947"
84,"FDI_AI","","S2_BasicEmergency","6","0.021897","0.013171","2025-2-20 13:44:52.477"
85,"FDI_AI","","S2_BasicEmergency","6","0.021897","0.013174","2025-2-20 13:44:52.981"
86,"FDI_AI","","S2_BasicEmergency","6","0.021897","0.013177","2025-2-20 13:44:53.499"
87,"FDI_AI","","S2_BasicEmergency","6","0.021897","0.01318","2025-2-20 13:44:54.5"
88,"FDI_AI","","S2_BasicEmergency","6","0.021897","0.013183","2025-2-20 13:44:54.556"
89,"FDI_AI","","S2_BasicEmergency","6","0.021897","0.013187","2025-2-20 13:44:55.62"
90,"FDI_AI","","S2_BasicEmergency","6","0.021897","0.01319","2025-2-20 13:44:55.583"
91,"FDI_AI","","S2_BasicEmergency","6","0.021897","0.013193","2025-2-20 13:44:56.167"
92,"FDI_AI","","S2_BasicEmergency","6","0.021897","0.013196","2025-2-20 13:44:56.656"
93,"FDI_AI","","S2_BasicEmergency","6","0.021897","0.013199","2025-2-20 13:44:57.185"
94,"FDI_AI","","S2_BasicEmergency","6","0.021897","0.013202","2025-2-20 13:44:57.697"
95,"FDI_AI","","S2_BasicEmergency","6","0.021897","0.013206","2025-2-20 13:44:58.231"
96,"FDI_AI","","S2_BasicEmergency","6","0.021897","0.013209","2025-2-20 13:44:58.731"
97,"FDI_AI","","S2_BasicEmergency","6","0.021897","0.013212","2025-2-20 13:44:59.311"
98,"FDI_AI","","S2_BasicEmergency","6","0.021897","0.013215","2025-2-20 13:44:59.787"
99,"FDI_AI","","S2_BasicEmergency","6","0.021897","0.013218","2025-2-20 13:45:0.315"
100,"FDI_AI","","S2_BasicEmergency","6","0.021897","0.013222","2025-2-20 13:45:0.822"
101,"FDI_AI","","S2_BasicEmergency","6","0.021897","0.013225","2025-2-20 13:45:1.335"
102,"FDI_AI","","S2_BasicEmergency","6","0.021897","0.013228","2025-2-20 13:45:1.874"
103,"FDI_AI","","S2_BasicEmergency","6","0.021897","0.013231","2025-2-20 13:45:2.394"
104,"FDI_AI","","S2_BasicEmergency","6","0.021897","0.013234","2025-2-20 13:45:2.945"
105,"FDI_AI","","S2_BasicEmergency","6","0.021897","0.013238","2025-2-20 13:45:3.491"
106,"FDI_AI","","S2_BasicEmergency","6","0.021897","0.013241","2025-2-20 13:45:3.993"
107,"FDI_AI","","S2_BasicEmergency","6","0.021897","0.013244","2025-2-20 13:45:4.540"
108,"FDI_AI","","S2_BasicEmergency","6","0.021897","0.013247","2025-2-20 13:45:5.66"
109,"FDI_AI","","S2_BasicEmergency","6","0.021897","0.01325","2025-2-20 13:45:5.590"
110,"FDI_AI","","S2_BasicEmergency","6","0.021897","0.013254","2025-2-20 13:45:6.117"
111,"FDI_AI","","S2_BasicEmergency","6","0.021897","0.013257","2025-2-20 13:45:6.652"
112,"FDI_AI","","S2_BasicEmergency","6","0.021897","0.01326","2025-2-20 13:45:7.192"
113,"FDI_AI","","S2_BasicEmergency","6","0.021897","0.013263","2025-2-20 13:45:7.715"
114,"FDI_AI","","S2_BasicEmergency","6","0.021897","0.013267","2025-2-20 13:45:8.226"
115,"FDI_AI","","S2_BasicEmergency","6","0.021897","0.01327","2025-2-20 13:45:8.750"
116,"FDI_AI","","S2_BasicEmergency","6","0.021897","0.013273","2025-2-20 13:45:9.260"
117,"FDI_AI","","S2_BasicEmergency","6","0.021897","0.013276","2025-2-20 13:45:9.765"
118,"FDI_AI","","S2_BasicEmergency","6","0.021897","0.013279","2025-2-20 13:45:10.269"
119,"FDI_AI","","S2_BasicEmergency","6","0.021897","0.013282","2025-2-20 13:45:10.792"
120,"FDI_AI","","S2_BasicEmergency","6","0.021897","0.013285","2025-2-20 13:45:11.294"
121,"FDI_AI","","S2_BasicEmergency","6","0.021897","0.013289","2025-2-20 13:45:11.862"
122,"FDI_AI","","S2_BasicEmergency","6","0.021897","0.013292","2025-2-20 13:45:12.381"
123,"FDI_AI","","S2_BasicEmergency","6","0.021897","0.013295","2025-2-20 13:45:12.881"
124,"FDI_AI","","S2_BasicEmergency","6","0.021897","0.013298","2025-2-20 13:45:13.394"
125,"FDI_AI","","S2_BasicEmergency","6","0.021897","0.013301","2025-2-20 13:45:13.934"
126,"FDI_AI","","S2_BasicEmergency","6","0.021897","0.013304","2025-2-20 13:45:14.453"
127,"FDI_AI","","S2_BasicEmergency","6","0.021897","0.013308","2025-2-20 13:45:14.986"
128,"FDI_AI","","S2_BasicEmergency","6","0.021897","0.013311","2025-2-20 13:45:15.495"
129,"FDI_AI","","S2_BasicEmergency","6","0.021897","0.013314","2025-2-20 13:45:16.61"
130,"FDI_AI","","S2_BasicEmergency","6","0.021897","0.013317","2025-2-20 13:45:16.578"
131,"FDI_AI","","S2_BasicEmergency","6","0.021897","0.013321","2025-2-20 13:45:17.99"
132,"FDI_AI","","S2_BasicEmergency","6","0.021897","0.013324","2025-2-20 13:45:17.625"
133,"FDI_AI","","S2_BasicEmergency","6","0.021897","0.013327","2025-2-20 13:45:18.143"
134,"FDI_AI","","S2_BasicEmergency","6","0.021897","0.01333","2025-2-20 13:45:18.650"
135,"FDI_AI","","S2_BasicEmergency","6","0.021897","0.013333","2025-2-20 13:45:19.148"
136,"FDI_AI","","S2_BasicEmergency","6","0.021897","0.013336","2025-2-20 13:45:19.658"
137,"FDI_AI","","S2_BasicEmergency","6","0.021897","0.013339","2025-2-20 13:45:20.198"
138,"FDI_AI","","S2_BasicEmergency","6","0.021897","0.013342","2025-2-20 13:45:20.710"
139,"FDI_AI","","S2_BasicEmergency","6","0.021897","0.013346","2025-2-20 13:45:21.224"
140,"FDI_AI","","S2_BasicEmergency","6","0.021897","0.013349","2025-2-20 13:45:21.756"
141,"FDI_AI","","S2_BasicEmergency","6","0.021897","0.013352","2025-2-20 13:45:22.258"
142,"FDI_AI","","S2_BasicEmergency","6","0.021897","0.013355","2025-2-20 13:45:22.785"
143,"FDI_AI","","S2_BasicEmergency","6","0.021897","0.013358","2025-2-20 13:45:23.286"
144,"FDI_AI","","S2_BasicEmergency","6","0.021897","0.013361","2025-2-20 13:45:23.810"
145,"FDI_AI","","S2_BasicEmergency","6","0.021897","0.013364","2025-2-20 13:45:24.316"
146,"FDI_AI","","S2_BasicEmergency","6","0.021897","0.013368","2025-2-20 13:45:24.831"
147,"FDI_AI","","S2_BasicEmergency","6","0.021897","0.013371","2025-2-20 13:45:25.341"
148,"FDI_AI","","S2_BasicEmergency","6","0.021897","0.013374","2025-2-20 13:45:25.844"
149,"FDI_AI","","S2_BasicEmergency","6","0.021897","0.013377","2025-2-20 13:45:26.359"
150,"FDI_AI","","S2_BasicEmergency","6","0.021897","0.01338","2025-2-20 13:45:26.861"
151,"FDI_AI","","S2_BasicEmergency","6","0.021897","0.013383","2025-2-20 13:45:27.384"
152,"FDI_AI","","S2_BasicEmergency","6","0.021897","0.013386","2025-2-20 13:45:27.900"
153,"FDI_AI","","S2_BasicEmergency","6","0.021897","0.013389","2025-2-20 13:45:28.411"
154,"FDI_AI","","S2_BasicEmergency","6","0.021897","0.013392","2025-2-20 13:45:28.939"
155,"FDI_AI","","S2_BasicEmergency","6","0.021897","0.013396","2025-2-20 13:45:29.446"
156,"FDI_AI","","S2_BasicEmergency","6","0.021897","0.013399","2025-2-20 13:45:29.964"
157,"FDI_AI","","S2_BasicEmergency","6","0.021897","0.013402","2025-2-20 13:45:30.473"
158,"FDI_AI","","S2_BasicEmergency","6","0.021897","0.013405","2025-2-20 13:45:30.981"
159,"FDI_AI","","S2_BasicEmergency","6","0.021897","0.013408","2025-2-20 13:45:31.521"
160,"FDI_AI","","S2_BasicEmergency","6","0.021897","0.013411","2025-2-20 13:45:32.69"
161,"FDI_AI","","S2_BasicEmergency","6","0.021897","0.013415","2025-2-20 13:45:32.593"
162,"FDI_AI","","S2_BasicEmergency","6","0.021897","0.013418","2025-2-20 13:45:33.141"
163,"FDI_AI","","S2_BasicEmergency","6","0.021897","0.013421","2025-2-20 13:45:33.684"
164,"FDI_AI","","S2_BasicEmergency","6","0.021897","0.013425","2025-2-20 13:45:34.304"
165,"FDI_AI","","S2_BasicEmergency","6","0.021897","0.013428","2025-2-20 13:45:34.827"
166,"FDI_AI","","S2_BasicEmergency","6","0.021897","0.013431","2025-2-20 13:45:35.338"
167,"FDI_AI","","S2_BasicEmergency","6","0.021897","0.013435","2025-2-20 13:45:35.888"
168,"FDI_AI","","S2_BasicEmergency","6","0.021897","0.013438","2025-2-20 13:45:36.411"
169,"FDI_AI","","S2_BasicEmergency","6","0.021897","0.013441","2025-2-20 13:45:36.919"
170,"FDI_AI","","S2_BasicEmergency","6","0.021897","0.013444","2025-2-20 13:45:37.471"
171,"FDI_AI","","S2_BasicEmergency","6","0.021897","0.013448","2025-2-20 13:45:38.2"
172,"FDI_AI","","S2_BasicEmergency","6","0.021897","0.013451","2025-2-20 13:45:38.537"
173,"FDI_AI","","S2_BasicEmergency","6","0.021897","0.013454","2025-2-20 13:45:39.71"
174,"FDI_AI","","S2_BasicEmergency","6","0.021897","0.013457","2025-2-20 13:45:39.603"
175,"FDI_AI","","S2_BasicEmergency","6","0.021897","0.013461","2025-2-20 13:45:40.137"
176,"FDI_AI","","S2_BasicEmergency","6","0.021897","0.013464","2025-2-20 13:45:40.651"
177,"FDI_AI","","S2_BasicEmergency","6","0.021897","0.013467","2025-2-20 13:45:41.199"
178,"FDI_AI","","S2_BasicEmergency","6","0.021897","0.01347","2025-2-20 13:45:41.747"
179,"FDI_AI","","S2_BasicEmergency","6","0.021897","0.013474","2025-2-20 13:45:42.276"
180,"FDI_AI","","S2_BasicEmergency","6","0.021897","0.013477","2025-2-20 13:45:42.844"
181,"FDI_AI","","S2_BasicEmergency","6","0.021897","0.01348","2025-2-20 13:45:43.389"
182,"FDI_AI","","S2_BasicEmergency","6","0.021897","0.013484","2025-2-20 13:45:43.931"
183,"FDI_AI","","S2_BasicEmergency","6","0.021897","0.013487","2025-2-20 13:45:44.458"
184,"FDI_AI","","S2_BasicEmergency","6","0.021897","0.01349","2025-2-20 13:45:44.983"
185,"FDI_AI","","S2_BasicEmergency","6","0.021897","0.013493","2025-2-20 13:45:45.525"
186,"FDI_AI","","S2_BasicEmergency","6","0.021897","0.013497","2025-2-20 13:45:46.38"
187,"FDI_AI","","S2_BasicEmergency","6","0.021897","0.0135","2025-2-20 13:45:46.557"
188,"FDI_AI","","S2_BasicEmergency","6","0.021897","0.013503","2025-2-20 13:45:47.62"
189,"FDI_AI","","S2_BasicEmergency","6","0.021897","0.013506","2025-2-20 13:45:47.565"
190,"FDI_AI","","S2_BasicEmergency","6","0.021897","0.013509","2025-2-20 13:45:48.84"
191,"FDI_AI","","S2_BasicEmergency","6","0.021897","0.013512","2025-2-20 13:45:48.612"
192,"FDI_AI","","S2_BasicEmergency","6","0.021897","0.013515","2025-2-20 13:45:49.113"
193,"FDI_AI","","S2_BasicEmergency","6","0.021897","0.013519","2025-2-20 13:45:49.659"
194,"FDI_AI","","S2_BasicEmergency","6","0.021897","0.013522","2025-2-20 13:45:50.196"
195,"FDI_AI","","S2_BasicEmergency","6","0.021897","0.013525","2025-2-20 13:45:50.729"
196,"FDI_AI","","S2_BasicEmergency","6","0.021897","0.013528","2025-2-20 13:45:51.280"
197,"FDI_AI","","S2_BasicEmergency","6","0.021897","0.013532","2025-2-20 13:45:51.809"
198,"FDI_AI","","S2_BasicEmergency","6","0.021897","0.013535","2025-2-20 13:45:52.350"
199,"FDI_AI","","S2_BasicEmergency","6","0.021897","0.013538","2025-2-20 13:45:52.871"
200,"FDI_AI","","S2_BasicEmergency","6","0.021897","0.013541","2025-2-20 13:45:53.410"
201,"FDI_AI","","S2_BasicEmergency","6","0.021897","0.013545","2025-2-20 13:45:53.940"
202,"FDI_AI","","S2_BasicEmergency","6","0.021897","0.013548","2025-2-20 13:45:54.482"
203,"FDI_AI","","S2_BasicEmergency","6","0.021897","0.013551","2025-2-20 13:45:55.9"
204,"FDI_AI","","S2_BasicEmergency","6","0.021897","0.013554","2025-2-20 13:45:55.519"
205,"FDI_AI","","S2_BasicEmergency","6","0.021897","0.013557","2025-2-20 13:45:56.58"
206,"FDI_AI","","S2_BasicEmergency","6","0.021897","0.01356","2025-2-20 13:45:56.559"
207,"FDI_AI","","S2_BasicEmergency","6","0.021897","0.013564","2025-2-20 13:45:57.83"
208,"FDI_AI","","S2_BasicEmergency","6","0.021897","0.013567","2025-2-20 13:45:57.620"
209,"FDI_AI","","S2_BasicEmergency","6","0.021897","0.01357","2025-2-20 13:45:58.178"
210,"FDI_AI","","S2_BasicEmergency","6","0.021897","0.013573","2025-2-20 13:45:58.669"
211,"FDI_AI","","S2_BasicEmergency","6","0.021897","0.013577","2025-2-20 13:45:59.207"
212,"FDI_AI","","S2_BasicEmergency","6","0.021897","0.01358","2025-2-20 13:45:59.750"
213,"FDI_AI","","S2_BasicEmergency","6","0.021897","0.013583","2025-2-20 13:46:0.289"
214,"FDI_AI","","S2_BasicEmergency","6","0.021897","0.013587","2025-2-20 13:46:0.827"
215,"FDI_AI","","S2_BasicEmergency","6","0.021897","0.01359","2025-2-20 13:46:1.368"
216,"FDI_AI","","S2_BasicEmergency","6","0.021897","0.013593","2025-2-20 13:46:1.895"
217,"FDI_AI","","S2_BasicEmergency","6","0.021897","0.013596","2025-2-20 13:46:2.422"
218,"FDI_AI","","S2_BasicEmergency","6","0.021897","0.013599","2025-2-20 13:46:2.907"
219,"FDI_AI","","S2_BasicEmergency","6","0.021897","0.013602","2025-2-20 13:46:3.440"
220,"FDI_AI","","S2_BasicEmergency","6","0.021897","0.013606","2025-2-20 13:46:3.980"
221,"FDI_AI","","S2_BasicEmergency","6","0.021897","0.013609","2025-2-20 13:46:4.513"
222,"FDI_AI","","S2_BasicEmergency","6","0.021897","0.013612","2025-2-20 13:46:5.53"
223,"FDI_AI","","S2_BasicEmergency","6","0.021897","0.013615","2025-2-20 13:46:5.584"
224,"FDI_AI","","S2_BasicEmergency","6","0.021897","0.013619","2025-2-20 13:46:6.122"
225,"FDI_AI","","S2_BasicEmergency","6","0.021897","0.013622","2025-2-20 13:46:6.657"
226,"FDI_AI","","S2_BasicEmergency","6","0.021897","0.013625","2025-2-20 13:46:7.141"
227,"FDI_AI","","S2_BasicEmergency","6","0.021897","0.013628","2025-2-20 13:46:7.683"
228,"FDI_AI","","S2_BasicEmergency","6","0.021897","0.013631","2025-2-20 13:46:8.204"
229,"FDI_AI","","S2_BasicEmergency","6","0.021897","0.013635","2025-2-20 13:46:8.752"
230,"FDI_AI","","S2_BasicEmergency","6","0.021897","0.013638","2025-2-20 13:46:9.270"
231,"FDI_AI","","S2_BasicEmergency","6","0.021897","0.013641","2025-2-20 13:46:9.777"
232,"FDI_AI","","S2_BasicEmergency","6","0.021897","0.013644","2025-2-20 13:46:10.306"
233,"FDI_AI","","S2_BasicEmergency","6","0.021897","0.013647","2025-2-20 13:46:10.842"
234,"FDI_AI","","S2_BasicEmergency","6","0.021897","0.01365","2025-2-20 13:46:11.340"
235,"FDI_AI","","S2_BasicEmergency","6","0.021897","0.013654","2025-2-20 13:46:11.876"
236,"FDI_AI","","S2_BasicEmergency","6","0.021897","0.013657","2025-2-20 13:46:12.391"
237,"FDI_AI","","S2_BasicEmergency","6","0.021897","0.01366","2025-2-20 13:46:12.942"
238,"FDI_AI","","S2_BasicEmergency","6","0.021897","0.013663","2025-2-20 13:46:13.447"
239,"FDI_AI","","S2_BasicEmergency","6","0.021897","0.013667","2025-2-20 13:46:14.2"
240,"FDI_AI","","S2_BasicEmergency","6","0.021897","0.01367","2025-2-20 13:46:14.495"
241,"FDI_AI","","S2_BasicEmergency","6","0.021897","0.013673","2025-2-20 13:46:15.18"
242,"FDI_AI","","S2_BasicEmergency","6","0.021897","0.013676","2025-2-20 13:46:15.568"
243,"FDI_AI","","S2_BasicEmergency","6","0.021897","0.013679","2025-2-20 13:46:16.96"
244,"FDI_AI","","S2_BasicEmergency","6","0.021897","0.013683","2025-2-20 13:46:16.649"
245,"FDI_AI","","S2_BasicEmergency","6","0.021897","0.013686","2025-2-20 13:46:17.143"
246,"FDI_AI","","S2_BasicEmergency","6","0.021897","0.013689","2025-2-20 13:46:17.666"
247,"FDI_AI","","S2_BasicEmergency","6","0.021897","0.013692","2025-2-20 13:46:18.164"
248,"FDI_AI","","S2_BasicEmergency","6","0.021897","0.013695","2025-2-20 13:46:18.709"
249,"FDI_AI","","S2_BasicEmergency","6","0.021897","0.013698","2025-2-20 13:46:19.227"
250,"FDI_AI","","S2_BasicEmergency","6","0.021897","0.013701","2025-2-20 13:46:19.732"
251,"FDI_AI","","S2_BasicEmergency","6","0.021897","0.013705","2025-2-20 13:46:20.269"
252,"FDI_AI","","S2_BasicEmergency","6","0.021897","0.013708","2025-2-20 13:46:20.784"
253,"FDI_AI","","S2_BasicEmergency","6","0.021897","0.013711","2025-2-20 13:46:21.304"
254,"FDI_AI","","S2_BasicEmergency","6","0.021897","0.013714","2025-2-20 13:46:21.847"
255,"FDI_AI","","S2_BasicEmergency","6","0.021897","0.013718","2025-2-20 13:46:22.374"
256,"FDI_AI","","S2_BasicEmergency","6","0.021897","0.013721","2025-2-20 13:46:22.903"
257,"FDI_AI","","S2_BasicEmergency","6","0.021897","0.013724","2025-2-20 13:46:23.432"
258,"FDI_AI","","S2_BasicEmergency","6","0.021897","0.013727","2025-2-20 13:46:23.962"
259,"FDI_AI","","S2_BasicEmergency","6","0.021897","0.01373","2025-2-20 13:46:24.492"
260,"FDI_AI","","S2_BasicEmergency","6","0.021897","0.013734","2025-2-20 13:46:25.31"
261,"FDI_AI","","S2_BasicEmergency","6","0.021897","0.013737","2025-2-20 13:46:25.556"
262,"FDI_AI","","S2_BasicEmergency","6","0.021897","0.01374","2025-2-20 13:46:26.72"
263,"FDI_AI","","S2_BasicEmergency","6","0.021897","0.013743","2025-2-20 13:46:26.604"
264,"FDI_AI","","S2_BasicEmergency","6","0.021897","0.013746","2025-2-20 13:46:27.113"
265,"FDI_AI","","S2_BasicEmergency","6","0.021897","0.013749","2025-2-20 13:46:27.611"
266,"FDI_AI","","S2_BasicEmergency","6","0.021897","0.013753","2025-2-20 13:46:28.158"
267,"FDI_AI","","S2_BasicEmergency","6","0.021897","0.013756","2025-2-20 13:46:28.685"
268,"FDI_AI","","S2_BasicEmergency","6","0.021897","0.013759","2025-2-20 13:46:29.200"
269,"FDI_AI","","S2_BasicEmergency","6","0.021897","0.013762","2025-2-20 13:46:29.720"
270,"FDI_AI","","S2_BasicEmergency","6","0.021897","0.013765","2025-2-20 13:46:30.263"
271,"FDI_AI","","S2_BasicEmergency","6","0.021897","0.013769","2025-2-20 13:46:30.797"
272,"FDI_AI","","S2_BasicEmergency","6","0.021897","0.013772","2025-2-20 13:46:31.340"
273,"FDI_AI","","S2_BasicEmergency","6","0.021897","0.013775","2025-2-20 13:46:31.864"
274,"FDI_AI","","S2_BasicEmergency","6","0.021897","0.013778","2025-2-20 13:46:32.398"
275,"FDI_AI","","S2_BasicEmergency","6","0.021897","0.013782","2025-2-20 13:46:32.925"
276,"FDI_AI","","S2_BasicEmergency","6","0.021897","0.013785","2025-2-20 13:46:33.424"
277,"FDI_AI","","S2_BasicEmergency","6","0.021897","0.013788","2025-2-20 13:46:33.952"
278,"FDI_AI","","S2_BasicEmergency","6","0.021897","0.013791","2025-2-20 13:46:34.512"
279,"FDI_AI","","S2_BasicEmergency","6","0.021897","0.013795","2025-2-20 13:46:35.35"
280,"FDI_AI","","S2_BasicEmergency","6","0.021897","0.013798","2025-2-20 13:46:35.593"
281,"FDI_AI","","S2_BasicEmergency","6","0.021897","0.013801","2025-2-20 13:46:36.92"